<?xml version="1.0" encoding="UTF-8"?>
<LightningComponentBundle xmlns="http://soap.sforce.com/2006/04/metadata">
    <apiVersion>55.0</apiVersion>
    <isExposed>true</isExposed>
      <targets>
        <target>lightningCommunity__Page</target>
        <target>lightningCommunity__Default</target>
        <target>lightning__RecordPage</target>
        <target>lightning__AppPage</target>
        <target>lightning__HomePage</target>
        <target>lightning__Tab</target>
    </targets>
    <targetConfigs>
      <targetConfig targets="lightning__AppPage, lightning__RecordPage, lightning__HomePage">
          <property name="recordsPerPage" type="integer" label="Number of candidates" min="1" max="20" default="2"/>
      </targetConfig>
  </targetConfigs>
</LightningComponentBundle>